{
    "model_name": "dt",
    "accuracy": 0.9,
    "classification_report": {
        "2": {
            "precision": 0.896551724137931,
            "recall": 0.896551724137931,
            "f1-score": 0.896551724137931,
            "support": 29.0
        },
        "3": {
            "precision": 0.9548022598870056,
            "recall": 0.9184782608695652,
            "f1-score": 0.9362880886426593,
            "support": 184.0
        },
        "4": {
            "precision": 0.6176470588235294,
            "recall": 0.7777777777777778,
            "f1-score": 0.6885245901639344,
            "support": 27.0
        },
        "accuracy": 0.9,
        "macro avg": {
            "precision": 0.8230003476161554,
            "recall": 0.864269254261758,
            "f1-score": 0.8404548009815082,
            "support": 240.0
        },
        "weighted avg": {
            "precision": 0.9098336933643514,
            "recall": 0.9,
            "f1-score": 0.9036132176861481,
            "support": 240.0
        }
    }
}