{
    "model_name": "dt",
    "accuracy": 0.9333333333333333,
    "classification_report": {
        "2": {
            "precision": 0.9259259259259259,
            "recall": 0.8620689655172413,
            "f1-score": 0.8928571428571429,
            "support": 29.0
        },
        "3": {
            "precision": 0.9375,
            "recall": 0.9782608695652174,
            "f1-score": 0.9574468085106383,
            "support": 184.0
        },
        "4": {
            "precision": 0.9047619047619048,
            "recall": 0.7037037037037037,
            "f1-score": 0.7916666666666666,
            "support": 27.0
        },
        "accuracy": 0.9333333333333333,
        "macro avg": {
            "precision": 0.9227292768959435,
            "recall": 0.8480111795953875,
            "f1-score": 0.8806568726781493,
            "support": 240.0
        },
        "weighted avg": {
            "precision": 0.932418430335097,
            "recall": 0.9333333333333333,
            "f1-score": 0.9309919579533941,
            "support": 240.0
        }
    }
}