{
    "model_name": "Logistic Regression",
    "accuracy": 0.8625,
    "classification_report": {
        "2": {
            "precision": 0.6071428571428571,
            "recall": 0.5862068965517241,
            "f1-score": 0.5964912280701754,
            "support": 29.0
        },
        "3": {
            "precision": 0.9,
            "recall": 0.9293478260869565,
            "f1-score": 0.9144385026737968,
            "support": 184.0
        },
        "4": {
            "precision": 0.8636363636363636,
            "recall": 0.7037037037037037,
            "f1-score": 0.7755102040816326,
            "support": 27.0
        },
        "accuracy": 0.8625,
        "macro avg": {
            "precision": 0.7902597402597403,
            "recall": 0.7397528087807949,
            "f1-score": 0.7621466449418683,
            "support": 240.0
        },
        "weighted avg": {
            "precision": 0.8605221861471861,
            "recall": 0.8625,
            "f1-score": 0.860390440067574,
            "support": 240.0
        }
    }
}