{
    "model_name": "dt",
    "accuracy": 0.9458333333333333,
    "classification_report": {
        "2": {
            "precision": 0.9629629629629629,
            "recall": 0.896551724137931,
            "f1-score": 0.9285714285714286,
            "support": 29.0
        },
        "3": {
            "precision": 0.9430051813471503,
            "recall": 0.9891304347826086,
            "f1-score": 0.9655172413793104,
            "support": 184.0
        },
        "4": {
            "precision": 0.95,
            "recall": 0.7037037037037037,
            "f1-score": 0.8085106382978723,
            "support": 27.0
        },
        "accuracy": 0.9458333333333333,
        "macro avg": {
            "precision": 0.9519893814367043,
            "recall": 0.8631286208747477,
            "f1-score": 0.9008664360828704,
            "support": 240.0
        },
        "weighted avg": {
            "precision": 0.9462036637241732,
            "recall": 0.9458333333333333,
            "f1-score": 0.9433897128183628,
            "support": 240.0
        }
    }
}