{
    "model_name": "dt",
    "accuracy": 0.8666666666666667,
    "classification_report": {
        "2": {
            "precision": 0.72,
            "recall": 0.6206896551724138,
            "f1-score": 0.6666666666666666,
            "support": 29.0
        },
        "3": {
            "precision": 0.8762376237623762,
            "recall": 0.9619565217391305,
            "f1-score": 0.917098445595855,
            "support": 184.0
        },
        "4": {
            "precision": 1.0,
            "recall": 0.48148148148148145,
            "f1-score": 0.65,
            "support": 27.0
        },
        "accuracy": 0.8666666666666667,
        "macro avg": {
            "precision": 0.8654125412541255,
            "recall": 0.6880425527976753,
            "f1-score": 0.7445883707541738,
            "support": 240.0
        },
        "weighted avg": {
            "precision": 0.8712821782178217,
            "recall": 0.8666666666666667,
            "f1-score": 0.8567893638457111,
            "support": 240.0
        }
    }
}